Name,Date of Birth,Club,Country,(Millions of Euros)
LionelMessi,6/24/1987,FCBarcelona,Argentina,120
CristianoRonaldo,2/5/1985,RealMadrid,Portugal,100
GarethBale,7/16/1989,RealMadrid,Wales,80
Falcao,2/10/1986,ASMonaco,Colombia,60
EdinsonCavani,2/14/1987,ParisSaint-Germain,Uruguay,60
Neymar,2/5/1992,FCBarcelona,Brazil,60
AndrésIniesta,5/11/1984,FCBarcelona,Spain,55
MarioGötze,6/3/1992,FCBayernMunich,Germany,55
LuisSuárez,1/24/1987,LiverpoolFC,Uruguay,52
CescFàbregas,5/4/1987,FCBarcelona,Spain,50
MesutÖzil,10/15/1988,ArsenalFC,Germany,50
RobertLewandowski,8/21/1988,BorussiaDortmund,Poland,50
Hulk,7/25/1986,ZenitSt.Petersburg,Brazil,48
WayneRooney,10/24/1985,ManchesterUnited,England,45
KunAgüero,6/2/1988,ManchesterCity,Argentina,45
EdenHazard,1/7/1991,ChelseaFC,Belgium,45
ThomasMüller,9/13/1989,FCBayernMunich,Germany,45
SergioBusquets,7/16/1988,FCBarcelona,Spain,45
ArturoVidal,5/22/1987,JuventusFC,Chile,44
FranckRibéry,4/7/1983,FCBayernMunich,France,42
BastianSchweinsteiger,8/1/1984,FCBayernMunich,Germany,40
RobinvanPersie,8/6/1983,ManchesterUnited,Netherlands,40
SergioRamos,3/30/1986,RealMadrid,Spain,40
LukaModric,9/9/1985,RealMadrid,Croatia,40
ThiagoSilva,9/22/1984,ParisSaint-Germain,Brazil,40
ToniKroos,1/4/1990,FCBayernMunich,Germany,40
MarcoReus,5/31/1989,BorussiaDortmund,Germany,40
DavidSilva,1/8/1986,ManchesterCity,Spain,40
MarekHamsik,7/27/1987,SSCNapoli,Slovakia,40
JuanMata,4/28/1988,ManchesterUnited,Spain,40
GonzaloHiguaín,12/10/1987,SSCNapoli,Argentina,38
JaviMartínez,9/2/1988,FCBayernMunich,Spain,37
GerardPiqué,2/2/1987,FCBarcelona,Spain,36
VincentKompany,4/10/1986,ManchesterCity,Belgium,35
ManuelNeuer,3/27/1986,FCBayernMunich,Germany,35
AxelWitsel,1/12/1989,ZenitSt.Petersburg,Belgium,35
Isco,4/21/1992,RealMadrid,Spain,35
JamesRodríguez,7/12/1991,ASMonaco,Colombia,35
KarimBenzema,12/19/1987,RealMadrid,France,34
Oscar,9/9/1991,ChelseaFC,Brazil,34
PaulPogba,3/15/1993,JuventusFC,France,34
JackWilshere,1/1/1992,ArsenalFC,England,33
Lucas,8/13/1992,ParisSaint-Germain,Brazil,33
Fernandinho,5/4/1985,ManchesterCity,Brazil,32
DavidAlaba,6/24/1992,FCBayernMunich,Austria,32
PhilippLahm,11/11/1983,FCBayernMunich,Germany,30
YayaTouré,5/13/1983,ManchesterCity,Coted'Ivoire,30
SantiCazorla,12/13/1984,ArsenalFC,Spain,30
JoãoMoutinho,9/8/1986,ASMonaco,Portugal,30
AlexisSánchez,12/19/1988,FCBarcelona,Chile,30
DiegoCosta,10/7/1988,AtléticodeMadrid,Spain,30
MarioBalotelli,8/12/1990,ACMilan,Italy,30
ÁngeldiMaría,2/14/1988,RealMadrid,Argentina,30
Willian,8/9/1988,ChelseaFC,Brazil,30
Ramires,3/24/1987,ChelseaFC,Brazil,30
ThiagoAlcántara,4/11/1991,FCBayernMunich,Spain,30
JacksonMartínez,10/3/1986,FCPorto,Colombia,30
JulianDraxler,9/20/1993,FCSchalke04,Germany,30
ZlatanIbrahimovic,10/3/1981,ParisSaint-Germain,Sweden,28
JérômeBoateng,9/3/1988,FCBayernMunich,Germany,28
TheoWalcott,3/16/1989,ArsenalFC,England,28
ClaudioMarchisio,1/19/1986,JuventusFC,Italy,28
ÁlvaroNegredo,8/20/1985,ManchesterCity,Spain,27
IlkayGündogan,10/24/1990,BorussiaDortmund,Germany,27
MatsHummels,12/16/1988,BorussiaDortmund,Germany,26
StevanJovetic,11/2/1989,ManchesterCity,Montenegro,26
DavidLuiz,4/22/1987,ChelseaFC,Brazil,26
HenrikhMkhitaryan,1/21/1989,BorussiaDortmund,Armenia,26
ArjenRobben,1/23/1984,FCBayernMunich,Netherlands,25
GiuseppeRossi,2/1/1987,ACFiorentina,Italy,25
ArdaTuran,1/30/1987,AtléticodeMadrid,Turkey,25
RobertoSoldado,5/27/1985,TottenhamHotspur,Spain,25
Marcelo,5/12/1988,RealMadrid,Brazil,25
Pedro,7/28/1987,FCBarcelona,Spain,25
JordiAlba,3/21/1989,FCBarcelona,Spain,25
Koke,1/8/1992,AtléticodeMadrid,Spain,25
NemanjaMatic,8/1/1988,ChelseaFC,Serbia,25
StephanElShaarawy,10/27/1992,ACMilan,Italy,25
RomeluLukaku,5/13/1993,EvertonFC,Belgium,25
ThibautCourtois,5/11/1992,AtléticodeMadrid,Belgium,25
AntoineGriezmann,3/21/1991,RealSociedad,France,25
Marquinhos,5/14/1994,ParisSaint-Germain,Brazil,25
SamirHandanovic,7/14/1984,InterMilan,Slovenia,24
EdinDzeko,3/17/1986,ManchesterCity,Bosnia-Herzegovina,24
GiorgioChiellini,8/14/1984,JuventusFC,Italy,24
JuanCuadrado,5/26/1988,ACFiorentina,Colombia,24
ÉrikLamela,3/4/1992,TottenhamHotspur,Argentina,24
RaphaëlVarane,4/25/1993,RealMadrid,France,24
LukasPodolski,6/4/1985,ArsenalFC,Germany,23
MarioMandzukic,5/21/1986,FCBayernMunich,Croatia,23
MarouaneFellaini,11/22/1987,ManchesterUnited,Belgium,23
BorjaValero,1/12/1985,ACFiorentina,Spain,23
AlanDzagoev,6/17/1990,CSKAMoscow,Russia,23
SeydouDoumbia,12/31/1987,CSKAMoscow,Coted'Ivoire,23
EliaquimMangala,2/13/1991,FCPorto,France,23
CarlosTévez,2/5/1984,JuventusFC,Argentina,22
MarioGómez,7/10/1985,ACFiorentina,Germany,22
SamirNasri,6/26/1987,ManchesterCity,France,22
SamiKhedira,4/4/1987,RealMadrid,Germany,22
YohanCabaye,1/14/1986,ParisSaint-Germain,France,22
LarsBender,4/27/1989,Bayer04Leverkusen,Germany,22
JanVertonghen,4/24/1987,TottenhamHotspur,Belgium,22
Hernanes,5/29/1985,InterMilan,Brazil,22
LeandroDamião,7/22/1989,SantosFC,Brazil,22
EzequielLavezzi,5/3/1985,ParisSaint-Germain,Argentina,21
KevinStrootman,2/13/1990,ASRoma,Netherlands,21
MatijaNastasic,3/28/1993,ManchesterCity,Serbia,21
SalvatoreSirigu,1/12/1987,ParisSaint-Germain,Italy,20.5
JavierPastore,6/20/1989,ParisSaint-Germain,Argentina,20.5
PetrCech,5/20/1982,ChelseaFC,CzechRepublic,20
DanieleDeRossi,7/24/1983,ASRoma,Italy,20
LeightonBaines,12/11/1984,EvertonFC,England,20
IgorAkinfeev,4/8/1986,CSKAMoscow,Russia,20
JesúsNavas,11/21/1985,ManchesterCity,Spain,20
MoussaDembélé,7/16/1987,TottenhamHotspur,Belgium,20
JohnObiMikel,4/22/1987,ChelseaFC,Nigeria,20
IvanRakitic,3/10/1988,SevillaFC,Croatia,20
BlaiseMatuidi,4/9/1987,ParisSaint-Germain,France,20
FernandoLlorente,2/26/1985,JuventusFC,Spain,20
CarlosVela,3/1/1989,RealSociedad,Mexico,20
EzequielGaray,10/10/1986,SLBenfica,Argentina,20
LeonardoBonucci,5/1/1987,JuventusFC,Italy,20
NevenSubotic,12/10/1988,BorussiaDortmund,Serbia,20
MiralemPjanic,4/2/1990,ASRoma,Bosnia-Herzegovina,20
RuiPatrício,2/15/1988,SportingLisbon,Portugal,20
DanielSturridge,9/1/1989,LiverpoolFC,England,20
AaronRamsey,12/26/1990,ArsenalFC,Wales,20
DiegoGodín,2/16/1986,AtléticodeMadrid,Uruguay,20
AndréSchürrle,11/6/1990,ChelseaFC,Germany,20
KwadwoAsamoah,12/9/1988,JuventusFC,Ghana,20
AndriyYarmolenko,10/23/1989,DynamoKyiv,Ukraine,20
Marc-AndréterStegen,4/30/1992,BorussiaMönchengladbach,Germany,20
OlivierGiroud,9/30/1986,ArsenalFC,France,20
XherdanShaqiri,10/10/1991,FCBayernMunich,Switzerland,20
AnderHerrera,8/14/1989,AthleticClub,Spain,20
MarcoVerratti,11/5/1992,ParisSaint-Germain,Italy,20
Bernard,9/8/1992,ShakhtarDonetsk,Brazil,20
FernandoTorres,3/20/1984,ChelseaFC,Spain,19
PabloZabaleta,1/16/1985,ManchesterCity,Argentina,19
GaryCahill,12/19/1985,ChelseaFC,England,19
BranislavIvanovic,2/22/1984,ChelseaFC,Serbia,19
MamadouSakho,2/13/1990,LiverpoolFC,France,19
KyleWalker,5/28/1990,TottenhamHotspur,England,19
PerMertesacker,9/29/1984,ArsenalFC,Germany,18
LuizGustavo,7/23/1987,VfLWolfsburg,Brazil,18
Pepe,2/26/1983,RealMadrid,Portugal,18
DaniAlves,5/6/1983,FCBarcelona,Brazil,18
JeffersonFarfán,10/26/1984,FCSchalke04,Peru,18
AlessioCerci,7/23/1987,TorinoFC,Italy,18
AlexSong,9/9/1987,FCBarcelona,Cameroon,18
SvenBender,4/27/1989,BorussiaDortmund,Germany,18
FredyGuarín,6/30/1986,InterMilan,Colombia,18
MehdiBenatia,4/17/1987,ASRoma,Morocco,18
ChristianBenteke,12/3/1990,AstonVilla,Belgium,18
IkerMuniain,12/19/1992,AthleticClub,Spain,18
CésarAzpilicueta,8/28/1989,ChelseaFC,Spain,18
AsierIllarramendi,3/8/1990,RealMadrid,Spain,18
ChristianEriksen,2/14/1992,TottenhamHotspur,Denmark,18
BerndLeno,3/4/1992,Bayer04Leverkusen,Germany,18
NicolásGaitán,2/23/1988,SLBenfica,Argentina,18
LaurentKoscielny,9/10/1985,ArsenalFC,France,18
KevinVolland,7/30/1992,TSG1899Hoffenheim,Germany,18
AleksandrKokorin,3/19/1991,DinamoMoscow,Russia,18
PhilJones,2/21/1992,ManchesterUnited,England,18
Fernando,7/25/1987,FCPorto,Portugal,17.5
StephanLichtsteiner,1/16/1984,JuventusFC,Switzerland,17
WesleySneijder,6/9/1984,GalatasaraySK,Netherlands,17
Dante,10/18/1983,FCBayernMunich,Brazil,17
DanielAgger,12/12/1984,LiverpoolFC,Denmark,17
Lucas,1/9/1987,LiverpoolFC,Brazil,17
RadjaNainggolan,5/4/1988,ASRoma,Belgium,17
Pierre-EmerickAubameyang,6/18/1989,BorussiaDortmund,Gabon,17
EvgenKonoplyanka,9/29/1989,DniproDnipropetrovsk,Ukraine,17
DaviddeGea,11/7/1990,ManchesterUnited,Spain,17
AlexTeixeira,1/6/1990,ShakhtarDonetsk,Brazil,17
KeisukeHonda,6/13/1986,ACMilan,Japan,17
DannyWelbeck,11/26/1990,ManchesterUnited,England,17
ShinjiKagawa,3/17/1989,ManchesterUnited,Japan,17
EduardoSalvio,7/13/1990,SLBenfica,Argentina,17
KevindeBruyne,6/28/1991,VfLWolfsburg,Belgium,17
AlexOxlade-Chamberlain,8/15/1993,ArsenalFC,England,17
AntonioCandreva,2/28/1987,SSLazio,Italy,16.5
AndreaRanocchia,2/16/1988,InterMilan,Italy,16.5
RicardoÁlvarez,4/12/1988,InterMilan,Argentina,16.5
HugoLloris,12/26/1986,TottenhamHotspur,France,16
RiccardoMontolivo,1/18/1985,ACMilan,Italy,16
ValonBehrami,4/19/1985,SSCNapoli,Switzerland,16
LassanaDiarra,3/10/1985,LokomotivMoscow,France,16
AntonioValencia,8/4/1985,ManchesterUnited,Ecuador,16
Nani,11/17/1986,ManchesterUnited,Portugal,16
BurakYilmaz,7/15/1985,GalatasaraySK,Turkey,16
JaviGarcía,2/8/1987,ManchesterCity,Spain,16
BenediktHöwedes,2/29/1988,FCSchalke04,Germany,16
JoeHart,4/19/1987,ManchesterCity,England,16
AndyCarroll,1/6/1989,WestHamUnited,England,16
Chicharito,6/1/1988,ManchesterUnited,Mexico,16
Paulinho,7/25/1988,TottenhamHotspur,Brazil,16
FernandoMuslera,6/16/1986,GalatasaraySK,Uruguay,16
JoséCallejón,2/11/1987,SSCNapoli,Spain,16
AlexSandro,1/26/1991,FCPorto,Brazil,16
Coutinho,6/12/1992,LiverpoolFC,Brazil,16
GeoffreyKondogbia,2/15/1993,ASMonaco,France,16
MoussaSow,1/19/1986,FenerbahceSK,Senegal,15.5
JamesMilner,1/4/1986,ManchesterCity,England,15
StefanKießling,1/25/1984,Bayer04Leverkusen,Germany,15
MirkoVucinic,10/1/1983,JuventusFC,Montenegro,15
AaronLennon,4/16/1987,TottenhamHotspur,England,15
Kevin-PrinceBoateng,3/6/1987,FCSchalke04,Ghana,15
JavierMascherano,6/8/1984,FCBarcelona,Argentina,15
Filipe,8/9/1985,AtléticodeMadrid,Brazil,15
SteveMandanda,3/28/1985,OlympiqueMarseille,France,15
LukaszPiszczek,6/3/1985,BorussiaDortmund,Poland,15
JakubBlaszczykowski,12/14/1985,BorussiaDortmund,Poland,15
Miranda,9/7/1984,AtléticodeMadrid,Brazil,15
Sokratis,6/9/1988,BorussiaDortmund,Greece,15
Adriano,10/26/1984,FCBarcelona,Brazil,15
ÖmerToprak,7/21/1989,Bayer04Leverkusen,Turkey,15
WojciechSzczesny,4/18/1990,ArsenalFC,Poland,15
MateoKovacic,5/6/1994,InterMilan,Croatia,15
YannM'Vila,6/29/1990,RubinKazan,France,15
JordanHenderson,6/17/1990,LiverpoolFC,England,15
Rafael,7/9/1990,ManchesterUnited,Brazil,15
Taison,1/13/1988,ShakhtarDonetsk,Brazil,15
JoséSalomónRondón,9/16/1989,ZenitSt.Petersburg,Venezuela,15
WilfriedBony,12/10/1988,SwanseaCity,Coted'Ivoire,15
RicardoRodríguez,8/25/1992,VfLWolfsburg,Switzerland,15
RobertoFirmino,10/2/1991,TSG1899Hoffenheim,Brazil,15
LorenzoInsigne,6/4/1991,SSCNapoli,Italy,15
Jesé,2/26/1993,RealMadrid,Spain,15
AshleyYoung,7/9/1985,ManchesterUnited,England,14
Danny,8/7/1983,ZenitSt.Petersburg,Portugal,14
IgorDenisov,5/17/1984,DinamoMoscow,Russia,14
ThomasVermaelen,11/14/1985,ArsenalFC,Belgium,14
Juanfran,1/9/1985,AtléticodeMadrid,Spain,14
JérémyMénez,5/7/1987,ParisSaint-Germain,France,14
GökhanInler,6/27/1984,SSCNapoli,Switzerland,14
GiampaoloPazzini,8/2/1984,ACMilan,Italy,14
MbarkBoussoufa,8/15/1984,LokomotivMoscow,Morocco,14
MartinSkrtel,12/15/1984,LiverpoolFC,Slovakia,14
FábioCoentrão,3/11/1988,RealMadrid,Portugal,14
MathieuValbuena,9/28/1984,OlympiqueMarseille,France,14
SalvatoreBocchetti,11/30/1986,SpartakMoscow,Italy,14
DomenicoCriscito,12/30/1986,ZenitSt.Petersburg,Italy,14
RomanEremenko,3/19/1987,RubinKazan,Finland,14
ÓscarCardozo,5/20/1983,SLBenfica,Paraguay,14
JoeAllen,3/14/1990,LiverpoolFC,Wales,14
SebastianGiovinco,1/26/1987,JuventusFC,Italy,14
MaximeGonalons,3/10/1989,OlympiqueLyon,France,14
TomCleverley,8/12/1989,ManchesterUnited,England,14
Sandro,3/15/1989,TottenhamHotspur,Brazil,14
VictorWanyama,6/25/1991,SouthamptonFC,Kenya,14
YutoNagatomo,9/12/1986,InterMilan,Japan,14
Heung-MinSon,7/8/1992,Bayer04Leverkusen,"Korea,South",14
LuisMuriel,4/16/1991,UdineseCalcio,Colombia,14
EmmanuelEmenike,5/10/1987,FenerbahceSK,Nigeria,14
FlorianThauvin,1/26/1993,OlympiqueMarseille,France,14
GaëlClichy,7/26/1985,ManchesterCity,France,13
Gervinho,5/27/1987,ASRoma,Coted'Ivoire,13
PabloOsvaldo,1/12/1986,JuventusFC,Italy,13
CamiloZúñiga,12/14/1985,SSCNapoli,Colombia,13
JonnyEvans,1/3/1988,ManchesterUnited,NorthernIreland,13
KieranGibbs,9/26/1989,ArsenalFC,England,13
AngeloOgbonna,5/23/1988,JuventusFC,Italy,13
NicolásOtamendi,2/12/1988,ClubeAtléticoMineiro,Argentina,13
NicolasN'Koulou,3/27/1990,OlympiqueMarseille,Cameroon,13
JoelMatip,8/8/1991,FCSchalke04,Cameroon,13
MárioFernandes,9/19/1990,CSKAMoscow,Brazil,13
RaheemSterling,12/8/1994,LiverpoolFC,England,13
MohamedSalah,6/15/1992,ChelseaFC,Egypt,13
LukeShaw,7/12/1995,SouthamptonFC,England,13
DimitriPayet,3/29/1987,OlympiqueMarseille,France,12.5
GlenJohnson,8/23/1984,LiverpoolFC,England,12
IkerCasillas,5/20/1981,RealMadrid,Spain,12
Diego,2/28/1985,AtléticodeMadrid,Brazil,12
Klaas-JanHuntelaar,8/12/1983,FCSchalke04,Netherlands,12
XabiAlonso,11/25/1981,RealMadrid,Spain,12
VictorValdés,1/14/1982,FCBarcelona,Spain,12
ÉverBanega,6/29/1988,ClubAtléticoNewell'sOldBoys,Argentina,12
RaúlAlbiol,9/4/1985,SSCNapoli,Spain,12
ManuelFernandes,2/5/1986,BesiktasJK,Portugal,12
HatemBenArfa,3/7/1987,NewcastleUnited,France,12
FedericoMarchetti,2/7/1983,SSLazio,Italy,12
BacarySagna,2/14/1983,ArsenalFC,France,12
GonzaloCastro,6/11/1987,Bayer04Leverkusen,Germany,12
RasmusElm,3/17/1988,CSKAMoscow,Sweden,12
NuriSahin,9/5/1988,BorussiaDortmund,Turkey,12
MicahRichards,6/24/1988,ManchesterCity,England,12
KevinMirallas,10/5/1987,EvertonFC,Belgium,12
RaúlGarcía,7/11/1986,AtléticodeMadrid,Spain,12
KonstantinosMitroglou,3/12/1988,FulhamFC,Greece,12
SelcukInan,2/10/1985,GalatasaraySK,Turkey,12
JoséEnrique,1/23/1986,LiverpoolFC,Spain,12
AlexandrePato,9/2/1989,SãoPauloFutebolClube,Brazil,12
DejanLovren,7/5/1989,SouthamptonFC,Croatia,12
RodrigoPalacio,2/5/1982,InterMilan,Argentina,12
LoïcRémy,1/2/1987,NewcastleUnited,France,12
JamesMcCarthy,11/12/1990,EvertonFC,Ireland,12
AndréAyew,12/17/1989,OlympiqueMarseille,Ghana,12
AleksandarKolarov,11/10/1985,ManchesterCity,Serbia,12
Jonas,4/1/1984,ValenciaCF,Brazil,12
SimonMignolet,3/6/1988,LiverpoolFC,Belgium,12
Lima,8/11/1983,SLBenfica,Brazil,12
BibrasNatcho,2/18/1988,PAOKThessaloniki,Israel,12
JackRodwell,3/11/1991,ManchesterCity,England,12
SofianeFeghouli,12/26/1989,ValenciaCF,Algeria,12
KyriakosPapadopoulos,2/23/1992,FCSchalke04,Greece,12
MartínMontoya,4/14/1991,FCBarcelona,Spain,12
MauroIcardi,2/19/1993,InterMilan,Argentina,12
AdemLjajic,9/29/1991,ASRoma,Serbia,12
Michu,3/21/1986,SwanseaCity,Spain,12
DouglasCosta,9/14/1990,ShakhtarDonetsk,Brazil,12
MattiaDeSciglio,10/20/1992,ACMilan,Italy,12
YaroslavRakitsky,8/3/1989,ShakhtarDonetsk,Ukraine,12
MarcBartra,1/15/1991,FCBarcelona,Spain,12
ChrisSmalling,11/22/1989,ManchesterUnited,England,12
JuanJesus,6/10/1991,InterMilan,Brazil,12
ÁlvaroMorata,10/23/1992,RealMadrid,Spain,12
GerardDeulofeu,3/13/1994,EvertonFC,Spain,12
AlessandroFlorenzi,3/11/1991,ASRoma,Italy,12
Rodrigo,3/6/1991,SLBenfica,Spain,12
DanielCarvajal,1/11/1992,RealMadrid,Spain,12
IñigoMartínez,5/17/1991,RealSociedad,Spain,12
AhmedMusa,10/14/1992,CSKAMoscow,Nigeria,12
TimoWerner,3/6/1996,VfBStuttgart,Germany,12
MattiaDestro,3/20/1991,ASRoma,Italy,11.5
Danilo,7/15/1991,FCPorto,Brazil,11.5
BlerimDzemaili,4/12/1986,SSCNapoli,Switzerland,11
IgnazioAbate,11/12/1986,ACMilan,Italy,11
BalázsDzsudzsák,12/23/1986,DinamoMoscow,Hungary,11
DmitriKombarov,1/22/1987,SpartakMoscow,Russia,11
DembaBa,5/25/1985,ChelseaFC,Senegal,11
NachoMonreal,2/26/1986,ArsenalFC,Spain,11
MoussaSissoko,8/16/1989,NewcastleUnited,France,11
EnzoPérez,6/22/1986,SLBenfica,Argentina,11
OnurKivrak,1/1/1988,Trabzonspor,Turkey,11
VictorMoses,12/12/1990,LiverpoolFC,Nigeria,11
GaryMedel,8/3/1987,CardiffCity,Chile,11
MameDiouf,12/16/1987,Hannover96,Senegal,11
LacinaTraoré,5/20/1990,EvertonFC,Coted'Ivoire,11
DavideAstori,1/7/1987,CagliariCalcio,Italy,11
IshakBelfodil,1/12/1992,ASLivorno,Algeria,11
YounèsBelhanda,2/25/1990,DynamoKyiv,Morocco,11
VladChiriches,11/14/1989,TottenhamHotspur,Romania,11
RossBarkley,12/5/1993,EvertonFC,England,11
Fred,3/5/1993,ShakhtarDonetsk,Brazil,11
MauricioIsla,6/12/1988,JuventusFC,Chile,10.5
StefanSavic,1/8/1991,ACFiorentina,Montenegro,10.5
RafaelvanderVaart,2/11/1983,HamburgerSV,Netherlands,10
AndreaBarzagli,5/8/1981,JuventusFC,Italy,10
Xavi,1/25/1980,FCBarcelona,Spain,10
PepeReina,8/31/1982,SSCNapoli,Spain,10
DavidVilla,12/3/1981,AtléticodeMadrid,Spain,10
GoranPandev,7/27/1983,SSCNapoli,Macedonia,10
RaulMeireles,3/17/1983,FenerbahceSK,Portugal,10
DarijoSrna,5/1/1982,ShakhtarDonetsk,Croatia,10
AleksandrSamedov,7/19/1984,LokomotivMoscow,Russia,10
NemanjaVidic,10/21/1981,ManchesterUnited,Serbia,10
VedadIbisevic,8/6/1984,VfBStuttgart,Bosnia-Herzegovina,10
BafetimbiGomis,8/6/1985,OlympiqueLyon,France,10
Gabi,7/10/1983,AtléticodeMadrid,Spain,10
MathieuDebuchy,7/25/1985,NewcastleUnited,France,10
CheikTioté,6/21/1986,NewcastleUnited,Coted'Ivoire,10
AsmirBegovic,6/20/1987,StokeCity,Bosnia-Herzegovina,10
PapissDembaCissé,6/3/1985,NewcastleUnited,Senegal,10
DiegoLópez,11/3/1981,RealMadrid,Spain,10
VedranCorluka,2/5/1986,LokomotivMoscow,Croatia,10
MarcelSchmelzer,1/22/1988,BorussiaDortmund,Germany,10
FelipeMelo,6/26/1983,GalatasaraySK,Brazil,10
DusanTadic,11/20/1988,FCTwenteEnschede,Serbia,10
MaxKruse,3/19/1988,BorussiaMönchengladbach,Germany,10
PontusWernbloom,6/25/1986,CSKAMoscow,Sweden,10
MarioSuárez,2/24/1987,AtléticodeMadrid,Spain,10
SidneySam,1/31/1988,Bayer04Leverkusen,Germany,10
YuraMovsisyan,8/2/1987,SpartakMoscow,Armenia,10
TobyAlderweireld,3/2/1989,AtléticodeMadrid,Belgium,10
StefanRadu,10/22/1986,SSLazio,Romania,10
KevinGroßkreutz,7/19/1988,BorussiaDortmund,Germany,10
DieumerciMbokani,11/22/1985,DynamoKyiv,CongoDR,10
GiovanidosSantos,5/11/1989,VillarrealCF,Mexico,10
SiemdeJong,1/28/1989,AFCAjaxAmsterdam,Netherlands,10
JordanRhodes,2/5/1990,BlackburnRovers,Scotland,10
MarkelSusaeta,12/14/1987,AthleticClub,Spain,10
HolgerBadstuber,3/13/1989,FCBayernMunich,Germany,10
DenisGlushakov,1/27/1987,SpartakMoscow,Russia,10
CristianAnsaldi,9/20/1986,ZenitSt.Petersburg,Argentina,10
DriesMertens,5/6/1987,SSCNapoli,Belgium,10
DaniParejo,4/16/1989,ValenciaCF,Spain,10
SenadLulic,1/18/1986,SSLazio,Bosnia-Herzegovina,10
SeamusColeman,10/11/1988,EvertonFC,Ireland,10
AnderIturraspe,3/8/1989,AthleticClub,Spain,10
FredyMontero,7/26/1987,SportingLisbon,Colombia,10
JuanIturbe,6/4/1993,HellasVerona,Argentina,10
DavideSanton,1/2/1991,NewcastleUnited,Italy,10
JosuhaGuilavogui,9/19/1990,ASSaint-Étienne,France,10
AlexandreLacazette,5/28/1991,OlympiqueLyon,France,10
MaximeLestienne,6/17/1992,ClubBruggeKV,Belgium,10
Jorginho,12/20/1991,SSCNapoli,Italy,10
ThorganHazard,3/29/1993,SVZulte-Waregem,Belgium,10
Fernando,3/3/1992,ShakhtarDonetsk,Brazil,10
GranitXhaka,9/27/1992,BorussiaMönchengladbach,Switzerland,10
RémyCabella,3/8/1990,HSCMontpellier,France,10
CarlosBacca,9/8/1986,SevillaFC,Colombia,10
MatthiasGinter,1/19/1994,SCFreiburg,Germany,10
LucasDigne,7/20/1993,ParisSaint-Germain,France,10
Bruma,10/24/1994,Gaziantepspor,Portugal,10
LazarMarkovic,3/2/1994,SLBenfica,Serbia,10
SaphirTaider,2/29/1992,InterMilan,Algeria,10
KurtZouma,10/27/1994,ASSaint-Étienne,France,10
AymericLaporte,5/27/1994,AthleticClub,France,10
DomenicoBerardi,8/1/1994,USSassuolo,Italy,10
LucasOcampos,7/11/1994,ASMonaco,Argentina,10
AlbertoMoreno,7/5/1992,SevillaFC,Spain,10
JérémyToulalan,9/10/1983,ASMonaco,France,9.5
Ron-RobertZieler,2/12/1989,Hannover96,Germany,9.5
PatrickHerrmann,2/12/1991,BorussiaMönchengladbach,Germany,9.5
AurélienChedjou,6/20/1985,GalatasaraySK,Cameroon,9.5
ManoloGabbiadini,11/26/1991,UCSampdoria,Italy,9.5
RenéAdler,1/15/1985,HamburgerSV,Germany,9
SamuelEto'o,3/10/1981,ChelseaFC,Cameroon,9
NigeldeJong,11/30/1984,ACMilan,Netherlands,9
JérémyMathieu,10/29/1983,ValenciaCF,France,9
AlbertoAquilani,7/7/1984,ACFiorentina,Italy,9
OlcanAdin,9/30/1985,Trabzonspor,Turkey,9
MathieuFlamini,3/7/1984,ArsenalFC,France,9
GonzaloRodríguez,4/10/1984,ACFiorentina,Argentina,9
AlejandroGómez,2/15/1988,MetalistKharkiv,Argentina,9
JoséSosa,6/19/1985,AtléticodeMadrid,Argentina,9
NicolasLombaerts,3/20/1985,ZenitSt.Petersburg,Belgium,9
FabioQuagliarella,1/31/1983,JuventusFC,Italy,9
YoanGouffran,5/25/1986,NewcastleUnited,France,9
StéphaneMbia,5/20/1986,SevillaFC,Cameroon,9
ChristopherSamba,3/28/1984,DinamoMoscow,Congo,9
JonathandeGuzmán,9/13/1987,SwanseaCity,Netherlands,9
TimKrul,4/3/1988,NewcastleUnited,Netherlands,9
GökhanGönül,1/4/1985,FenerbahceSK,Turkey,9
StevenFletcher,3/26/1987,SunderlandAFC,Scotland,9
JeremainLens,11/24/1987,DynamoKyiv,Netherlands,9
CanerErkin,10/4/1988,FenerbahceSK,Turkey,9
StéphaneRuffier,9/27/1986,ASSaint-Étienne,France,9
ViktorFaizulin,4/22/1986,ZenitSt.Petersburg,Russia,9
AlessandroMatri,8/19/1984,ACFiorentina,Italy,9
BeñatEtxebarria,2/19/1987,AthleticClub,Spain,9
StefanReinartz,1/1/1989,Bayer04Leverkusen,Germany,9
MiguelVeloso,5/11/1986,DynamoKyiv,Portugal,9
André-PierreGignac,12/5/1985,OlympiqueMarseille,France,9
MehmetTopal,3/3/1986,FenerbahceSK,Turkey,9
SebastianRode,10/11/1990,EintrachtFrankfurt,Germany,9
AndreaPoli,9/29/1989,ACMilan,Italy,9
DameN'Doye,2/21/1985,LokomotivMoscow,Senegal,9
ChristianNoboa,4/9/1985,DinamoMoscow,Ecuador,9
RyanShawcross,10/4/1987,StokeCity,England,9
Giuliano,5/31/1990,DniproDnipropetrovsk,Brazil,9
LeandroCastán,11/5/1986,ASRoma,Brazil,9
MartínCáceres,4/7/1987,JuventusFC,Uruguay,9
MaxiPereira,6/8/1984,SLBenfica,Uruguay,9
ÉtienneCapoue,7/11/1988,TottenhamHotspur,France,9
Douglas,1/12/1988,DinamoMoscow,Netherlands,9
EvgenKhacheridi,7/28/1987,DynamoKyiv,Ukraine,9
ClémentGrenier,1/7/1991,OlympiqueLyon,France,9
Maicon,9/14/1988,FCPorto,Brazil,9
AlfredFinnbogason,2/1/1989,SCHeerenveen,Iceland,9
PedroObiang,3/27/1992,UCSampdoria,Spain,9
JuanQuintero,1/18/1993,FCPorto,Colombia,9
CristianTello,8/11/1991,FCBarcelona,Spain,9
MarcovanGinkel,12/1/1992,ChelseaFC,Netherlands,9
MichaelCarrick,7/28/1981,ManchesterUnited,England,8.5
ThiagoMotta,8/28/1982,ParisSaint-Germain,Italy,8.5
SerdarTasci,4/24/1987,SpartakMoscow,Germany,8.5
JonathanBiabiany,4/28/1988,ParmaFC,France,8.5
PhilippWollscheid,3/6/1989,Bayer04Leverkusen,Germany,8.5
MorganSchneiderlin,11/8/1989,SouthamptonFC,France,8.5
SemihKaya,2/24/1991,GalatasaraySK,Turkey,8.5
TomasHubocan,9/17/1985,ZenitSt.Petersburg,Slovakia,8.5
LeroyFer,1/5/1990,NorwichCity,Netherlands,8.5
EmanueleGiaccherini,5/5/1985,SunderlandAFC,Italy,8.5
FabioBorini,3/29/1991,SunderlandAFC,Italy,8.5
CiroImmobile,2/20/1990,TorinoFC,Italy,8.5
FrancescoBardi,1/18/1992,ASLivorno,Italy,8.5
LucianoVietto,12/5/1993,RacingClubdeAvellaneda,Argentina,8.5
Kaká,4/22/1982,ACMilan,Brazil,8
CristianLedesma,9/24/1982,SSLazio,Italy,8
MikelArteta,3/26/1982,ArsenalFC,Spain,8
SalomonKalou,8/5/1985,OSCLille,Coted'Ivoire,8
EmmanuelAdebayor,2/26/1984,TottenhamHotspur,Togo,8
MichaelDawson,11/18/1983,TottenhamHotspur,England,8
XabiPrieto,8/29/1983,RealSociedad,Spain,8
YuriZhirkov,8/20/1983,DinamoMoscow,Russia,8
DusanBasta,8/18/1984,UdineseCalcio,Serbia,8
Raffael,3/28/1985,BorussiaMönchengladbach,Brazil,8
BenoîtCostil,7/3/1987,StadeRennaisFC,France,8
YounèsKaboul,1/4/1986,TottenhamHotspur,France,8
CleitonXavier,3/23/1983,MetalistKharkiv,Brazil,8
GabrielPaletta,2/15/1986,ParmaFC,Italy,8
LucaCigarini,6/20/1986,AtalantaBC,Italy,8
Rafinha,9/7/1985,FCBayernMunich,Brazil,8
BryanRuiz,8/18/1985,PSVEindhoven,CostaRica,8
RomanNeustädter,2/18/1988,FCSchalke04,Germany,8
YannSommer,12/17/1988,FCBasel1893,Switzerland,8
GuilhermeSiqueira,4/28/1986,SLBenfica,Brazil,8
Adrián,1/8/1988,AtléticodeMadrid,Spain,8
PabloHernández,4/11/1985,SwanseaCity,Spain,8
SebastianJung,6/22/1990,EintrachtFrankfurt,Germany,8
AdilRami,12/27/1985,ACMilan,France,8
MikelRico,11/1/1984,AthleticClub,Spain,8
CarlosZambrano,7/10/1989,EintrachtFrankfurt,Peru,8
Cristian,6/25/1983,FenerbahceSK,Brazil,8
MarcoSau,11/3/1987,CagliariCalcio,Italy,8
GiacomoBonaventura,8/22/1989,AtalantaBC,Italy,8
MarkoDevic,10/27/1983,RubinKazan,Ukraine,8
NacerChadli,8/2/1989,TottenhamHotspur,Belgium,8
ÁlvaroDomínguez,5/15/1989,BorussiaMönchengladbach,Spain,8
AshleyWilliams,8/23/1984,SwanseaCity,Wales,8
MarvinMartin,1/10/1988,OSCLille,France,8
JosipIlicic,1/29/1988,ACFiorentina,Slovenia,8
Éder,12/22/1987,SCBraga,Portugal,8
SergiRoberto,2/7/1992,FCBarcelona,Spain,8
HiroshiKiyotake,11/12/1989,1.FCNuremberg,Japan,8
GylfiSigurdsson,9/9/1989,TottenhamHotspur,Iceland,8
ÓscardeMarcos,4/10/1989,AthleticClub,Spain,8
WilliamCarvalho,4/7/1992,SportingLisbon,Portugal,8
MattiaPerin,11/10/1992,GenoaCFC,Italy,8
WellingtonNem,2/6/1992,ShakhtarDonetsk,Brazil,8
AdamMaher,7/20/1993,PSVEindhoven,Netherlands,8
OlaJohn,5/19/1992,HamburgerSV,Netherlands,8
Allan,1/8/1991,UdineseCalcio,Brazil,8
SamuelUmtiti,11/14/1993,OlympiqueLyon,France,8
FabianSchär,12/20/1991,FCBasel1893,Switzerland,8
WilfriedZaha,11/10/1992,CardiffCity,England,8
MaxMeyer,9/18/1995,FCSchalke04,Germany,8
ThomasInce,1/30/1992,CrystalPalace,England,8
MichyBatshuayi,10/2/1993,StandardLiège,Belgium,8
ÓliverTorres,11/10/1994,VillarrealCF,Spain,8
HugoAlmeida,5/23/1984,BesiktasJK,Portugal,7.75
StevenGerrard,5/30/1980,LiverpoolFC,England,7.5
JohnTerry,12/7/1980,ChelseaFC,England,7.5
PatriceEvra,5/15/1981,ManchesterUnited,France,7.5
MichaelEssien,12/3/1982,ACMilan,Ghana,7.5
AndreaPirlo,5/19/1979,JuventusFC,Italy,7.5
PhilJagielka,8/17/1982,EvertonFC,England,7.5
RioMavuba,3/8/1984,OSCLille,France,7.5
Arouca,8/11/1986,SantosFC,Brazil,7.5
LucasBiglia,1/30/1986,SSLazio,Argentina,7.5
Fred,10/3/1983,FluminenseFootballClub,Brazil,7.5
SilvestreVarela,2/2/1985,FCPorto,Portugal,7.5
AdamJohnson,7/14/1987,SunderlandAFC,England,7.5
AndreaConsigli,1/27/1987,AtalantaBC,Italy,7.5
RickyvanWolfswinkel,1/27/1989,NorwichCity,Netherlands,7.5
AdamLallana,5/10/1988,SouthamptonFC,England,7.5
GregoryvanderWiel,2/3/1988,ParisSaint-Germain,Netherlands,7.5
AleksandarMitrovic,9/16/1994,RSCAnderlecht,Serbia,7.5
JayRodriguez,7/29/1989,SouthamptonFC,England,7.5
KevinKampl,10/9/1990,RedBullSalzburg,Slovenia,7.5
Jonathan,2/27/1986,InterMilan,Brazil,7.5
LewisHoltby,9/18/1990,FulhamFC,Germany,7.5
AdrienSilva,3/15/1989,SportingLisbon,Portugal,7.5
MatíasSuárez,5/9/1988,RSCAnderlecht,Argentina,7.5
Ganso,10/12/1989,SãoPauloFutebolClube,Brazil,7.5
Marlos,6/7/1988,MetalistKharkiv,Brazil,7.5
JonjoShelvey,2/27/1992,SwanseaCity,England,7.5
LuukdeJong,8/27/1990,NewcastleUnited,Netherlands,7.5
AdriánRamos,1/22/1986,HerthaBSC,Colombia,7.5
SimeVrsaljko,1/10/1992,GenoaCFC,Croatia,7.5
TinoCosta,1/9/1985,SpartakMoscow,Argentina,7.5
FabiánRinaudo,5/8/1987,CalcioCatania,Argentina,7.5
RomainAlessandrini,4/3/1989,StadeRennaisFC,France,7.5
AlperPotuk,4/8/1991,FenerbahceSK,Turkey,7.5
Dedé,7/1/1988,CruzeiroEsporteClube,Brazil,7.5
EmreCan,1/12/1994,Bayer04Leverkusen,Germany,7.5
StevenCaulker,12/29/1991,CardiffCity,England,7.5
GastónRamírez,12/2/1990,SouthamptonFC,Uruguay,7.5
Rafinha,2/12/1993,CeltadeVigo,Brazil,7.5
SaúlÑíguez,11/21/1994,RayoVallecano,Spain,7.5
FelipeAnderson,4/15/1993,SSLazio,Brazil,7.5
RobertHuth,8/18/1984,StokeCity,Germany,7
JoleonLescott,8/16/1982,ManchesterCity,England,7
AleksandrKerzhakov,11/27/1982,ZenitSt.Petersburg,Russia,7
MichelVorm,10/20/1983,SwanseaCity,Netherlands,7
TomásSivok,9/15/1983,BesiktasJK,CzechRepublic,7
Rolando,8/31/1985,InterMilan,Portugal,7
KévinGameiro,5/9/1987,SevillaFC,France,7
ClintDempsey,3/9/1983,SeattleSoundersFC,UnitedStates,7
ÁlvaroArbeloa,1/17/1983,RealMadrid,Spain,7
JoséManuelJurado,6/29/1986,SpartakMoscow,Spain,7
Paulinho,1/10/1986,ASLivorno,Brazil,7
MarkNoble,5/8/1987,WestHamUnited,England,7
Danilo,5/10/1984,UdineseCalcio,Brazil,7
StevenDefour,4/15/1988,FCPorto,Belgium,7
StéphaneSessègnon,6/1/1984,WestBromwichAlbion,Benin,7
ShaneLong,1/22/1987,HullCity,Ireland,7
Eder,11/15/1986,UCSampdoria,Brazil,7
ÁdámSzalai,12/9/1987,FCSchalke04,Hungary,7
NicolaiMüller,9/25/1987,1.FSVMainz05,Germany,7
IvanPerisic,2/2/1989,VfLWolfsburg,Croatia,7
GaryHooper,1/26/1988,NorwichCity,England,7
BrunoSoriano,6/12/1984,VillarrealCF,Spain,7
BojanKrkic,8/28/1990,AFCAjaxAmsterdam,Spain,7
ValentinStocker,4/12/1989,FCBasel1893,Switzerland,7
LucaAntonelli,2/11/1987,GenoaCFC,Italy,7
KevinTrapp,7/8/1990,EintrachtFrankfurt,Germany,7
ZoranTosic,4/28/1987,CSKAMoscow,Serbia,7
LarsStindl,8/26/1988,Hannover96,Germany,7
GeorginioWijnaldum,11/11/1990,PSVEindhoven,Netherlands,7
HéctorMoreno,1/17/1988,RCDEspanyol,Mexico,7
OliverBaumann,6/2/1990,SCFreiburg,Germany,7
Guilherme,12/12/1985,LokomotivMoscow,Brazil,7
BasDost,5/31/1989,VfLWolfsburg,Netherlands,7
MapouYanga-Mbiwa,5/15/1989,NewcastleUnited,France,7
AleksandarDragovic,3/6/1991,DynamoKyiv,Austria,7
AndrosTownsend,7/16/1991,TottenhamHotspur,England,7
BrownIdeye,10/10/1988,DynamoKyiv,Nigeria,7
OriolRomeu,9/24/1991,ValenciaCF,Spain,7
CheikhouKouyaté,12/21/1989,RSCAnderlecht,Senegal,7
RomanZozulya,11/17/1989,DniproDnipropetrovsk,Ukraine,7
MohamedDiamé,6/14/1987,WestHamUnited,Senegal,7
IagoAspas,8/1/1987,LiverpoolFC,Spain,7
Pierre-MichelLasogga,12/15/1991,HamburgerSV,Germany,7
Joãozinho,12/25/1988,FKKrasnodar,Brazil,7
PabloArmero,11/2/1986,WestHamUnited,Colombia,7
NathanielClyne,4/5/1991,SouthamptonFC,England,7
AndréMartins,1/21/1990,SportingLisbon,Portugal,7
VíctorIbarbo,5/19/1990,CagliariCalcio,Colombia,7
FilipDjuricic,1/30/1992,SLBenfica,Serbia,7
ViktorFischer,6/9/1994,AFCAjaxAmsterdam,Denmark,7
JordyClasie,6/27/1991,FeyenoordRotterdam,Netherlands,7
Jucilei,4/6/1988,Al-Jazira(AbuDhabi),Brazil,7
HéctorHerrera,4/19/1990,FCPorto,Mexico,7
LucaMarrone,3/28/1990,USSassuolo,Italy,7
ArasÖzbiliz,3/9/1990,SpartakMoscow,Armenia,7
HakanCalhanoglu,2/8/1994,HamburgerSV,Turkey,7
AlexandruMaxim,7/8/1990,VfBStuttgart,Romania,7
DennisPraet,5/14/1994,RSCAnderlecht,Belgium,7
DiegoReyes,9/19/1992,FCPorto,Mexico,7
JosipDrmic,8/8/1992,1.FCNuremberg,Switzerland,7
LucasPiazón,1/20/1994,VitesseArnhem,Brazil,7
WillHughes,4/7/1995,DerbyCounty,England,7
Vitinho,10/9/1993,CSKAMoscow,Brazil,7
YouriTielemans,5/7/1997,RSCAnderlecht,Belgium,7
NiklasMoisander,9/29/1985,AFCAjaxAmsterdam,Finland,6.5
FrancescoLodi,3/23/1984,CalcioCatania,Italy,6.5
Robinho,1/25/1984,ACMilan,Brazil,6.5
VladimirBystrov,1/31/1984,AnzhiMakhachkala,Russia,6.5
AdrianMierzejewski,11/6/1986,Trabzonspor,Poland,6.5
DennisAogo,1/14/1987,FCSchalke04,Germany,6.5
PabloBarrientos,1/17/1985,CalcioCatania,Argentina,6.5
AbdoulayKonko,3/9/1984,SSLazio,France,6.5
NikicaJelavic,8/27/1985,HullCity,Croatia,6.5
DiegoCapel,2/16/1988,SportingLisbon,Spain,6.5
MichaelAgazzi,7/3/1984,ChievoVerona,Italy,6.5
AndreasGranqvist,4/16/1985,FKKrasnodar,Sweden,6.5
GrazianoPellè,7/15/1985,FeyenoordRotterdam,Italy,6.5
MichaelBradley,7/31/1987,TorontoFC,UnitedStates,6.5
Anderson,4/13/1988,ACFiorentina,Brazil,6.5
GabrielAgbonlahor,10/13/1986,AstonVilla,England,6.5
HavardNordtveit,6/21/1990,BorussiaMönchengladbach,Norway,6.5
MiroslavStoch,10/19/1989,PAOKThessaloniki,Slovakia,6.5
Chico,3/6/1987,SwanseaCity,Spain,6.5
ÁlvaroPereira,11/28/1985,SãoPauloFutebolClube,Uruguay,6.5
AleksandrBelenov,9/13/1986,KubanKrasnodar,Russia,6.5
DenysGarmash,4/19/1990,DynamoKyiv,Ukraine,6.5
DuvánZapata,4/1/1991,SSCNapoli,Colombia,6.5
JurajKucka,2/26/1987,GenoaCFC,Slovakia,6.5
Sung-YongKi,1/24/1989,SunderlandAFC,"Korea,South",6.5
RiccardoSaponara,12/21/1991,ACMilan,Italy,6.5
YoussefElArabi,2/3/1987,GranadaCF,Morocco,6.5
RomainHamouma,3/29/1987,ASSaint-Étienne,France,6.5
MassimoBruno,9/17/1993,RSCAnderlecht,Belgium,6.5
RobertoPereyra,1/7/1991,UdineseCalcio,Argentina,6.5
SergeAurier,12/24/1992,FCToulouse,Coted'Ivoire,6.5
LorenzoMelgarejo,8/10/1990,KubanKrasnodar,Paraguay,6.5
BenjaminCorgnet,4/6/1987,ASSaint-Étienne,France,6.5
VladimírDarida,8/8/1990,SCFreiburg,CzechRepublic,6.5
JonathanTah,2/11/1996,HamburgerSV,Germany,6.5
DiegoBenaglio,9/8/1983,VfLWolfsburg,Switzerland,6
JermainDefoe,10/7/1982,TorontoFC,England,6
AaronHunt,9/4/1986,SVWerderBremen,Germany,6
AlbertoGilardino,7/5/1982,GenoaCFC,Italy,6
EstebanCambiasso,8/18/1980,InterMilan,Argentina,6
DaleyBlind,3/9/1990,AFCAjaxAmsterdam,Netherlands,6
JoãoPereira,2/25/1984,ValenciaCF,Portugal,6
TomHuddlestone,12/28/1986,HullCity,England,6
PirminSchwegler,3/9/1987,EintrachtFrankfurt,Switzerland,6
VasiliBerezutski,6/20/1982,CSKAMoscow,Russia,6
VladislavKulik,2/27/1985,RubinKazan,Russia,6
AndoniIraola,6/22/1982,AthleticClub,Spain,6
Casemiro,2/23/1992,RealMadrid,Brazil,6
MarcellJansen,11/4/1985,HamburgerSV,Germany,6
YoannGourcuff,7/11/1986,OlympiqueLyon,France,6
ChristianGentner,8/14/1985,VfBStuttgart,Germany,6
AndrésGuardado,9/28/1986,Bayer04Leverkusen,Mexico,6
AidenMcGeady,4/4/1986,EvertonFC,Ireland,6
AlessandroDiamanti,5/2/1983,GuangzhouEvergrandeF.C.,Italy,6
VladimirGabulov,10/19/1983,DinamoMoscow,Russia,6
JamesMorrison,5/25/1986,WestBromwichAlbion,Scotland,6
AtsutoUchida,3/27/1988,FCSchalke04,Japan,6
ChoriCastro,9/14/1984,RealSociedad,Uruguay,6
JesúsGámez,4/10/1985,MálagaCF,Spain,6
VurnonAnita,4/4/1989,NewcastleUnited,Netherlands,6
ScottSinclair,3/25/1989,WestBromwichAlbion,England,6
DiegoSouza,6/17/1985,MetalistKharkiv,Brazil,6
Vieirinha,1/24/1986,VfLWolfsburg,Portugal,6
FernandoAmorebieta,3/29/1985,FulhamFC,Venezuela,6
ImanolAgirretxe,2/24/1987,RealSociedad,Spain,6
WinstonReid,7/3/1988,WestHamUnited,NewZealand,6
JozyAltidore,11/6/1989,SunderlandAFC,UnitedStates,6
AndriyPyatov,6/28/1984,ShakhtarDonetsk,Ukraine,6
RyanBertrand,8/5/1989,AstonVilla,England,6
SvenUlreich,8/3/1988,VfBStuttgart,Germany,6
DiegoAlves,6/24/1985,ValenciaCF,Brazil,6
JelleVossen,3/22/1989,KRCGenk,Belgium,6
BenoîtTrémoulinas,12/28/1985,ASSaint-Étienne,France,6
ClémentChantôme,9/11/1987,FCToulouse,France,6
AdelTaarabt,5/24/1989,ACMilan,Morocco,6
FedericoFazio,3/17/1987,SevillaFC,Argentina,6
ClaudioYacob,7/18/1987,WestBromwichAlbion,Argentina,6
MateoMusacchio,8/26/1990,VillarrealCF,Argentina,6
CenkTosun,6/7/1991,Gaziantepspor,Turkey,6
WilliamVainqueur,11/19/1988,StandardLiège,France,6
DmitriTarasov,3/18/1987,LokomotivMoscow,Russia,6
SimonKjaer,3/26/1989,OSCLille,Denmark,6
LuizAdriano,4/12/1987,ShakhtarDonetsk,Brazil,6
DannyRose,7/2/1990,TottenhamHotspur,England,6
NicolásSpolli,2/20/1983,CalcioCatania,Argentina,6
MarcoHöger,9/16/1989,FCSchalke04,Germany,6
ÁlvaroGonzález,10/29/1984,SSLazio,Uruguay,6
AlyCissokho,9/15/1987,LiverpoolFC,France,6
OlegShatov,7/29/1990,ZenitSt.Petersburg,Russia,6
PapaGueye,6/7/1984,MetalistKharkiv,Senegal,6
EvgenSeleznev,7/20/1985,DniproDnipropetrovsk,Ukraine,6
OdilAkhmedov,11/25/1987,AnzhiMakhachkala,Uzbekistan,6
VicenteIborra,1/16/1988,SevillaFC,Spain,6
Jean,6/24/1986,FluminenseFootballClub,Brazil,6
LucianoNarsingh,9/13/1990,PSVEindhoven,Netherlands,6
Josué,9/17/1990,FCPorto,Portugal,6
StevenN'Zonzi,12/15/1988,StokeCity,France,6
DorlanPabón,1/24/1988,SãoPauloFutebolClube,Colombia,6
RúbenMicael,8/19/1986,SCBraga,Portugal,6
MarcoParolo,1/25/1985,ParmaFC,Italy,6
AntonioRüdiger,3/3/1993,VfBStuttgart,Germany,6
EduardoVargas,11/20/1989,ValenciaCF,Chile,6
LucCastaignos,9/27/1992,FCTwenteEnschede,Netherlands,6
FacundoFerreyra,3/14/1991,ShakhtarDonetsk,Argentina,6
RobinKnoche,5/22/1992,VfLWolfsburg,Germany,6
RubénPardo,10/22/1992,RealSociedad,Spain,6
AymenAbdennour,8/6/1989,ASMonaco,Tunisia,6
StefandeVrij,2/5/1992,FeyenoordRotterdam,Netherlands,6
BrunoMartinsIndi,2/8/1992,FeyenoordRotterdam,Netherlands,6
CedricSoares,8/31/1991,SportingLisbon,Portugal,6
MaximilianArnold,5/27/1994,VfLWolfsburg,Germany,6
RodrigoMoledo,10/27/1987,MetalistKharkiv,Brazil,6
MaksymKoval,12/9/1992,DynamoKyiv,Ukraine,6
LisandroLópez,9/1/1989,GetafeCF,Argentina,6
CarlJenkinson,2/8/1992,ArsenalFC,England,6
PacoAlcácer,8/30/1993,ValenciaCF,Spain,6
LuisAlberto,9/28/1992,LiverpoolFC,Spain,6
GiannelliImbula,9/12/1992,OlympiqueMarseille,France,6
OgenyiOnazi,12/25/1992,SSLazio,Nigeria,6
ManuelLanzini,2/15/1993,ClubAtléticoRiverPlate,Argentina,6
Rômulo,9/19/1990,SpartakMoscow,Brazil,6
TomásKalas,5/15/1993,ChelseaFC,CzechRepublic,6
AderlanSantos,4/9/1989,SCBraga,Brazil,6
JavierManquillo,5/5/1994,AtléticodeMadrid,Spain,6
AdnanJanuzaj,2/5/1995,ManchesterUnited,Belgium,6
Wallace,5/1/1994,InterMilan,Brazil,6
ChristianAtsu,1/10/1992,VitesseArnhem,Ghana,6
Dória,11/8/1994,BotafogodeFuteboleRegatas,Brazil,6
LeoBaptistão,8/26/1992,RealBetisBalompié,Brazil,6
AlexTelles,12/15/1992,GalatasaraySK,Brazil,6
KevinKuranyi,3/2/1982,DinamoMoscow,Germany,5.8
OlcaySahan,5/26/1987,BesiktasJK,Turkey,5.75
NolanRoux,3/1/1988,OSCLille,France,5.75
VeyselSari,7/25/1988,GalatasaraySK,Turkey,5.75
RobertoJiménez,2/10/1986,OlympiacosPiraeus,Spain,5.6
AntonioCassano,7/12/1982,ParmaFC,Italy,5.5
VolkanDemirel,10/27/1981,FenerbahceSK,Turkey,5.5
EgemenKorkmaz,11/3/1982,FenerbahceSK,Turkey,5.5
Alex,6/17/1982,ParisSaint-Germain,Brazil,5.5
MattJarvis,5/22/1986,WestHamUnited,England,5.5
UrbyEmanuelson,6/16/1986,ACMilan,Netherlands,5.5
AntonioMirante,7/8/1983,ParmaFC,Italy,5.5
LoïcPerrin,8/7/1985,ASSaint-Étienne,France,5.5
RobertSnodgrass,9/7/1987,NorwichCity,Scotland,5.5
VasilisTorosidis,6/10/1985,ASRoma,Greece,5.5
FernandoBelluschi,9/10/1983,Bursaspor,Argentina,5.5
StevenDavis,1/1/1985,SouthamptonFC,NorthernIreland,5.5
JuanVargas,10/5/1983,ACFiorentina,Peru,5.5
CristianVillagra,12/27/1985,MetalistKharkiv,Argentina,5.5
GermánDenis,9/10/1981,AtalantaBC,Argentina,5.5
OlaToivonen,7/3/1986,StadeRennaisFC,Sweden,5.5
ManueldaCosta,5/6/1986,Sivasspor,Portugal,5.5
NenadTomovic,8/30/1987,ACFiorentina,Serbia,5.5
TonyJantschke,4/7/1990,BorussiaMönchengladbach,Germany,5.5
SebastiánBlanco,3/15/1988,MetalistKharkiv,Argentina,5.5
Jean-ArmelKana-Biyik,7/3/1989,StadeRennaisFC,Cameroon,5.5
DiegoÂngelo,2/12/1986,Eskisehirspor,Brazil,5.5
MiguelBritos,7/17/1985,SSCNapoli,Uruguay,5.5
ChristophKramer,2/19/1991,BorussiaMönchengladbach,Germany,5.5
MarcosRojo,3/20/1990,SportingLisbon,Argentina,5.5
AbdelazizBarrada,6/19/1989,Al-Jazira(AbuDhabi),Morocco,5.5
LamineSané,3/22/1987,FCGirondinsBordeaux,Senegal,5.5
NampalysMendy,6/23/1992,OGCNizza,France,5.5
ZakariaLabyad,3/9/1993,VitesseArnhem,Morocco,5.5
NicolaLeali,2/17/1993,SpeziaCalcio,Italy,5.5
YannickFerreira-Carrasco,9/4/1993,ASMonaco,Belgium,5.5
BenDavies,4/24/1993,SwanseaCity,Wales,5.5
GustavoColman,4/19/1985,Trabzonspor,Argentina,5.25
Xandão,2/23/1988,KubanKrasnodar,Brazil,5.2
RomanWeidenfeller,8/6/1980,BorussiaDortmund,Germany,5
AshleyCole,12/20/1980,ChelseaFC,England,5
GarethBarry,2/23/1981,EvertonFC,England,5
KevinNolan,6/24/1982,WestHamUnited,England,5
StewartDowning,7/22/1984,WestHamUnited,England,5
MaartenStekelenburg,9/22/1982,FulhamFC,Netherlands,5
StijnSchaars,1/11/1984,PSVEindhoven,Netherlands,5
GianluigiBuffon,1/28/1978,JuventusFC,Italy,5
CédricCarrasso,12/30/1981,FCGirondinsBordeaux,France,5
AleksandrRyazantsev,9/5/1986,ZenitSt.Petersburg,Russia,5
JonatanSoriano,9/24/1985,RedBullSalzburg,Spain,5
OlegGusev,4/25/1983,DynamoKyiv,Ukraine,5
LudovicObraniak,11/10/1984,SVWerderBremen,Poland,5
BrunoAlves,11/27/1981,FenerbahceSK,Portugal,5
Luisão,2/13/1981,SLBenfica,Brazil,5
DarrenBent,2/6/1984,FulhamFC,England,5
IbrahimAfellay,4/2/1986,FCBarcelona,Netherlands,5
ÉdgarBarreto,7/15/1984,USPalermo,Paraguay,5
BenoîtAssou-Ekotto,3/24/1984,QueensParkRangers,Cameroon,5
PanagiotisKone,7/26/1987,BolognaFC1909,Greece,5
WillyCaballero,9/28/1981,MálagaCF,Argentina,5
MatíasSilvestre,9/25/1984,ACMilan,Argentina,5
ChristianMaggio,2/11/1982,SSCNapoli,Italy,5
Nilmar,7/14/1984,El-JaishSportsClub,Brazil,5
OndrejMazuch,3/15/1989,DniproDnipropetrovsk,CzechRepublic,5
EmilianoViviano,12/1/1985,ArsenalFC,Italy,5
IvánRamis,10/25/1984,WiganAthletic,Spain,5
LuchoGonzález,1/19/1981,Al-RayyanSportsClub,Argentina,5
LeandroFernández,1/30/1983,DinamoMoscow,Argentina,5
LisandroLópez,3/2/1983,Al-GharafaSportsClub,Argentina,5
OgnjenVukojevic,12/20/1983,DynamoKyiv,Croatia,5
ChristopheJallet,10/31/1983,ParisSaint-Germain,France,5
CharlieAdam,12/10/1985,StokeCity,Scotland,5
Jádson,10/5/1983,SportClubCorinthiansPaulista,Brazil,5
GuillermoOchoa,7/13/1985,ACAjaccio,Mexico,5
VeliKavlak,11/3/1988,BesiktasJK,Austria,5
RonVlaar,2/16/1985,AstonVilla,Netherlands,5
ZlatkoJunuzovic,9/26/1987,SVWerderBremen,Austria,5
VladimirGranat,5/22/1987,DinamoMoscow,Russia,5
MartinHarnik,6/10/1987,VfBStuttgart,Austria,5
SebastianLarsson,6/6/1985,SunderlandAFC,Sweden,5
Naldo,9/10/1982,VfLWolfsburg,Brazil,5
CristianRodríguez,9/30/1985,AtléticodeMadrid,Uruguay,5
CristianZapata,9/30/1986,ACMilan,Colombia,5
LasseSchöne,5/27/1986,AFCAjaxAmsterdam,Denmark,5
MarkoMarin,3/13/1989,SevillaFC,Germany,5
MikelGonzález,9/24/1985,RealSociedad,Spain,5
NikolaKalinic,1/5/1988,DniproDnipropetrovsk,Croatia,5
ChrisBrunt,12/14/1984,WestBromwichAlbion,NorthernIreland,5
AntonShunin,1/27/1987,DinamoMoscow,Russia,5
AykutDemir,10/22/1988,Trabzonspor,Turkey,5
FelipeCaicedo,9/5/1988,Al-Jazira(AbuDhabi),Ecuador,5
MatiFernández,5/15/1986,ACFiorentina,Chile,5
IvelinPopov,10/26/1987,KubanKrasnodar,Bulgaria,5
VadisOdjidja-Ofoe,2/21/1989,ClubBruggeKV,Belgium,5
Ari,12/11/1985,FKKrasnodar,Brazil,5
BradGuzan,9/9/1984,AstonVilla,UnitedStates,5
VictorAnichebe,4/23/1988,WestBromwichAlbion,Nigeria,5
IvanStrinic,7/17/1987,DniproDnipropetrovsk,Croatia,5
MorganAmalfitano,3/20/1985,WestBromwichAlbion,France,5
MilanBadelj,2/25/1989,HamburgerSV,Croatia,5
FabianLustenberger,5/2/1988,HerthaBSC,Switzerland,5
AndréHahn,8/13/1990,FCAugsburg,Germany,5
KévinConstant,5/15/1987,ACMilan,Guine,5
EstebanGranero,7/2/1987,RealSociedad,Spain,5
YoussufMulumbu,1/25/1987,WestBromwichAlbion,CongoDR,5
JoelObi,5/22/1991,ParmaFC,Nigeria,5
EmilianoInsúa,1/7/1989,AtléticodeMadrid,Argentina,5
MubarakWakaso,7/25/1990,RubinKazan,Ghana,5
DomagojVida,4/29/1989,DynamoKyiv,Croatia,5
IgorSmolnikov,8/8/1988,ZenitSt.Petersburg,Russia,5
BogdanStancu,6/28/1987,GenclerbirligiAnkara,Romania,5
RickieLambert,2/16/1982,SouthamptonFC,England,5
TimMatavz,1/13/1989,PSVEindhoven,Slovenia,5
FabianDelph,11/21/1989,AstonVilla,England,5
Licá,9/8/1988,FCPorto,Portugal,5
SergioAsenjo,6/28/1989,VillarrealCF,Spain,5
WálterGargano,7/23/1984,ParmaFC,Uruguay,5
GonzaloBergessio,7/20/1984,CalcioCatania,Argentina,5
DidierDigard,7/12/1986,OGCNizza,France,5
RenatoAugusto,2/8/1988,SportClubCorinthiansPaulista,Brazil,5
AlbertoBotía,1/27/1989,ElcheCF,Spain,5
JonathanCristaldo,3/5/1989,BolognaFC1909,Argentina,5
Mariano,6/23/1986,FCGirondinsBordeaux,Brazil,5
DaniloD'Ambrosio,9/9/1988,InterMilan,Italy,5
Neto,5/26/1988,ZenitSt.Petersburg,Portugal,5
Wanderson,2/18/1986,FKKrasnodar,Brazil,5
CharlesKaboré,2/9/1988,KubanKrasnodar,BurkinaFaso,5
CarlosMartínez,4/9/1986,RealSociedad,Spain,5
IgnacioCamacho,5/4/1990,MálagaCF,Spain,5
NachoFernández,1/18/1990,RealMadrid,Spain,5
JuniorHoilett,6/5/1990,QueensParkRangers,Canada,5
DarylJanmaat,7/22/1989,FeyenoordRotterdam,Netherlands,5
BrunoEcueleManga,7/16/1988,FCLorient,Gabon,5
FacundoRoncaglia,2/10/1987,ACFiorentina,Argentina,5
JamesTomkins,3/29/1989,WestHamUnited,England,5
EmmanuelRivière,3/3/1990,ASMonaco,France,5
VíctorRuiz,1/25/1989,ValenciaCF,Spain,5
LiborKozak,5/30/1989,AstonVilla,CzechRepublic,5
VicenteGuaita,1/10/1987,ValenciaCF,Spain,5
SergioCanales,2/16/1991,RealSociedad,Spain,5
FranckTabanou,1/30/1989,ASSaint-Étienne,France,5
MarcoFabián,7/21/1989,CDCruzAzul,Mexico,5
RafaelCarioca,6/18/1989,SpartakMoscow,Brazil,5
AlbertoPaloschi,1/4/1990,ChievoVerona,Italy,5
JoséAlbertoCañas,5/27/1987,SwanseaCity,Spain,5
JonathanSchmid,6/22/1990,SCFreiburg,France,5
Maicón,2/18/1990,LokomotivMoscow,Brazil,5
Réver,1/4/1985,ClubeAtléticoMineiro,Brazil,5
AlbertodelaBella,12/2/1985,RealSociedad,Spain,5
DavidOspina,8/31/1988,OGCNizza,Colombia,5
Alan,7/10/1989,RedBullSalzburg,Brazil,5
AatifChahechouhe,7/2/1986,Sivasspor,Morocco,5
Paul-JoséMpoku,4/19/1992,StandardLiège,Belgium,5
Elias,5/16/1985,SportingLisbon,Brazil,5
AbelHernández,8/8/1990,USPalermo,Uruguay,5
MattPhillips,3/13/1991,QueensParkRangers,Scotland,5
NecipUysal,1/24/1991,BesiktasJK,Turkey,5
AlfredN'Diaye,3/6/1990,RealBetisBalompié,Senegal,5
MartinKelly,4/27/1990,LiverpoolFC,England,5
JeroenZoet,1/6/1991,PSVEindhoven,Netherlands,5
NicolaSansone,9/10/1991,USSassuolo,Italy,5
GökhanTöre,1/20/1992,BesiktasJK,Turkey,5
MoritzLeitner,12/8/1992,VfBStuttgart,Germany,5
Sílvio,9/28/1987,SLBenfica,Portugal,5
RubénBotta,1/31/1990,InterMilan,Argentina,5
GiulioDonati,2/5/1990,Bayer04Leverkusen,Italy,5
VáclavKadlec,5/20/1992,EintrachtFrankfurt,CzechRepublic,5
Ja-CheolKoo,2/27/1989,1.FSVMainz05,"Korea,South",5
ChrisMavinga,5/26/1991,RubinKazan,France,5
ConnorWickham,3/31/1993,LeedsUnited,England,5
IlombeMboyo,4/22/1987,KRCGenk,Belgium,5
SimoneZaza,6/25/1991,USSassuolo,Italy,5
DenisCheryshev,12/26/1990,SevillaFC,Russia,5
Ralf,6/9/1984,SportClubCorinthiansPaulista,Brazil,5
MatejVydra,5/1/1992,WestBromwichAlbion,CzechRepublic,5
WahbiKhazri,2/8/1991,SCBastia,Tunisia,5
LukmanHaruna,12/4/1990,DynamoKyiv,Nigeria,5
AllanNyom,5/10/1988,GranadaCF,Cameroon,5
Suso,11/19/1993,UDAlmería,Spain,5
YuriLodygin,5/26/1990,ZenitSt.Petersburg,Russia,5
IdrissaGueye,9/26/1989,OSCLille,Senegal,5
JackButland,3/10/1993,LeedsUnited,England,5
NickPowell,3/23/1994,WiganAthletic,England,5
AndréCarrillo,6/14/1991,SportingLisbon,Peru,5
JasperCillessen,4/22/1989,AFCAjaxAmsterdam,Netherlands,5
WissamBenYedder,8/12/1990,FCToulouse,France,5
ÁlvaroVadillo,9/12/1994,RealBetisBalompié,Spain,5
Kelvin,6/1/1993,FCPorto,Brazil,5
MemphisDepay,2/13/1994,PSVEindhoven,Netherlands,5
AnthonyMartial,12/5/1995,ASMonaco,France,5
AlfredDuncan,3/10/1993,ASLivorno,Ghana,5
SadioMané,4/10/1992,RedBullSalzburg,Senegal,5
PauloDybala,11/15/1993,USPalermo,Argentina,5
TinJedvaj,11/28/1995,ASRoma,Croatia,5
RubénGarcía,7/14/1993,LevanteUD,Spain,5
ImohEzekiel,10/24/1993,StandardLiège,Nigeria,5
AndréGomes,7/30/1993,SLBenfica,Portugal,5
ÁngelCorrea,3/9/1995,ClubAtléticoSanLorenzodeAlmagro,Argentina,5
MustafaPektemek,8/11/1988,BesiktasJK,Turkey,4.8
GeorgiMilanov,2/19/1992,CSKAMoscow,Bulgaria,4.8
EmmanuelEboué,6/4/1983,GalatasaraySK,Coted'Ivoire,4.75
PauloHenrique,3/13/1989,Trabzonspor,Brazil,4.75
YohanMollo,7/18/1989,ASSaint-Étienne,France,4.75
GueïdaFofana,5/16/1991,OlympiqueLyon,France,4.75
LucasCastro,4/9/1989,CalcioCatania,Argentina,4.7
OribePeralta,1/12/1984,SantosLaguna,Mexico,4.6
MarcoBorriello,6/18/1982,WestHamUnited,Italy,4.5
FabricioColoccini,1/22/1982,NewcastleUnited,Argentina,4.5
KaluUche,11/15/1982,Al-RayyanSportsClub,Nigeria,4.5
ChristianFuchs,4/7/1986,FCSchalke04,Austria,4.5
SejadSalihovic,10/8/1984,TSG1899Hoffenheim,Bosnia-Herzegovina,4.5
UmutBulut,3/15/1983,GalatasaraySK,Turkey,4.5
ScottBrown,6/25/1985,CelticFC,Scotland,4.5
WayneRoutledge,1/7/1985,SwanseaCity,England,4.5
RyanBabel,12/19/1986,KasimpasaSK,Netherlands,4.5
PierreWebó,1/20/1982,FenerbahceSK,Cameroon,4.5
JérémyClément,8/26/1984,ASSaint-Étienne,France,4.5
FedericoPeluso,1/20/1984,JuventusFC,Italy,4.5
AntonioNocerino,4/9/1985,WestHamUnited,Italy,4.5
LucaRigoni,12/7/1984,ChievoVerona,Italy,4.5
ErkanZengin,8/5/1985,Eskisehirspor,Sweden,4.5
ChrisEagles,11/19/1985,BoltonWanderers,England,4.5
MilanBisevac,8/31/1983,OlympiqueLyon,Serbia,4.5
SergeyRyzhikov,9/19/1980,RubinKazan,Russia,4.5
RúbenAmorim,1/27/1985,SLBenfica,Portugal,4.5
ZdravkoKuzmanovic,9/22/1987,InterMilan,Serbia,4.5
EljeroElia,2/13/1987,SVWerderBremen,Netherlands,4.5
JohnRuddy,10/24/1986,NorwichCity,England,4.5
KennethVermeer,1/10/1986,AFCAjaxAmsterdam,Netherlands,4.5
MaximilianoMoralez,2/27/1987,AtalantaBC,Argentina,4.5
DaríoCvitanich,5/16/1984,OGCNizza,Argentina,4.5
GeoffCameron,7/11/1985,StokeCity,UnitedStates,4.5
SébastienBassong,7/9/1986,NorwichCity,Cameroon,4.5
